network,quantity,symbol,method,finite outputs,attempted samples,method converged samples,common converged samples,sigma calibration samples,MCS [%],standardized MWS,standardized MWIS,component class
CIGRE MV,Voltage magnitude,sigma_|U|,Analytical UQ ILSE,15,1000,1000,1000,0,51.03333333333333,1.3918733667870056,3.2345461065270693,Node
CIGRE MV,Voltage magnitude,sigma_|U|,Monte Carlo UQ ILSE,15,1000,1000,1000,1000,67.88666666666666,2.0000000000000604,3.075828568273356,Node
CIGRE MV,Voltage magnitude,sigma_|U|,Analytical UQ NRSE,15,1000,1000,1000,0,67.38000000000002,1.9890488538508768,3.0608965421404024,Node
CIGRE MV,Voltage magnitude,sigma_|U|,Monte Carlo UQ NRSE,15,1000,1000,1000,1000,67.75333333333332,2.0000000000000444,3.061468450366016,Node
CIGRE MV,Voltage magnitude,sigma_|U|,Gain inverse NumPy,15,1000,1000,1000,1,67.44000000000001,1.9916785920183573,3.0608514477376474,Node
CIGRE MV,Active power,sigma_P,Analytical UQ ILSE,14,1000,1000,1000,0,54.142857142857146,1.427166165403415,3.218809664204684,Node
CIGRE MV,Active power,sigma_P,Monte Carlo UQ ILSE,14,1000,1000,1000,1000,68.11428571428573,1.9999999999999962,3.0694755032571726,Node
CIGRE MV,Active power,sigma_P,Analytical UQ NRSE,14,1000,1000,1000,0,66.41428571428571,1.9845284288259408,3.0712769292873485,Node
CIGRE MV,Active power,sigma_P,Monte Carlo UQ NRSE,14,1000,1000,1000,1000,67.96428571428572,1.999999999999998,3.0690775305231837,Node
CIGRE MV,Active power,sigma_P,Gain inverse NumPy,14,1000,1000,1000,1,66.75714285714285,1.9916778275343339,3.072216717673075,Node
CIGRE MV,Reactive power,sigma_Q,Analytical UQ ILSE,14,1000,1000,1000,0,80.24285714285718,1.6662028089675003,3.313330251425714,Node
CIGRE MV,Reactive power,sigma_Q,Monte Carlo UQ ILSE,14,1000,1000,1000,1000,68.39285714285714,2.0,3.139246411736182,Node
CIGRE MV,Reactive power,sigma_Q,Analytical UQ NRSE,14,1000,1000,1000,0,68.62857142857142,2.0054803609660414,3.1358349535290935,Node
CIGRE MV,Reactive power,sigma_Q,Monte Carlo UQ NRSE,14,1000,1000,1000,1000,68.28571428571429,1.9999999999999996,3.1360439684609682,Node
CIGRE MV,Reactive power,sigma_Q,Gain inverse NumPy,14,1000,1000,1000,1,69.06428571428572,2.0091293977722664,3.135821749671625,Node
CIGRE MV,Current magnitude,sigma_|I|,Analytical UQ ILSE,27,1000,1000,1000,0,55.18148148148148,1.5209874663945913,3.169690105418205,Branch terminal
CIGRE MV,Current magnitude,sigma_|I|,Monte Carlo UQ ILSE,27,1000,1000,1000,1000,68.25555555555556,2.000000000000001,3.0730799053337994,Branch terminal
CIGRE MV,Current magnitude,sigma_|I|,Analytical UQ NRSE,27,1000,1000,1000,0,67.57777777777777,1.991102181170322,3.0762171822102484,Branch terminal
CIGRE MV,Current magnitude,sigma_|I|,Monte Carlo UQ NRSE,27,1000,1000,1000,1000,68.05925925925928,1.9999999999999976,3.0682597531527915,Branch terminal
CIGRE MV,Current magnitude,sigma_|I|,Gain inverse NumPy,27,1000,1000,1000,1,69.87037037037038,2.1132594661856228,3.121527262120905,Branch terminal
CIGRE MV,Active power,sigma_P,Analytical UQ ILSE,27,1000,1000,1000,0,54.407407407407405,1.4898456932095616,3.1641886346883505,Branch terminal
CIGRE MV,Active power,sigma_P,Monte Carlo UQ ILSE,27,1000,1000,1000,1000,68.38888888888889,2.000000000000001,3.0583423429317462,Branch terminal
CIGRE MV,Active power,sigma_P,Analytical UQ NRSE,27,1000,1000,1000,0,67.5185185185185,1.98451630530781,3.076447350876094,Branch terminal
CIGRE MV,Active power,sigma_P,Monte Carlo UQ NRSE,27,1000,1000,1000,1000,68.2925925925926,1.9999999999999996,3.0667347124781674,Branch terminal
CIGRE MV,Active power,sigma_P,Gain inverse NumPy,27,1000,1000,1000,1,69.67777777777778,2.112127800199134,3.1208844918414163,Branch terminal
CIGRE MV,Reactive power,sigma_Q,Analytical UQ ILSE,27,1000,1000,1000,0,83.99259259259259,3.09775424387301,3.429725620460933,Branch terminal
CIGRE MV,Reactive power,sigma_Q,Monte Carlo UQ ILSE,27,1000,1000,1000,1000,68.66296296296296,2.0000000000000004,3.0327317646944287,Branch terminal
CIGRE MV,Reactive power,sigma_Q,Analytical UQ NRSE,27,1000,1000,1000,0,68.75925925925925,2.0067317585822115,3.0153766833604503,Branch terminal
CIGRE MV,Reactive power,sigma_Q,Monte Carlo UQ NRSE,27,1000,1000,1000,1000,68.73703703703706,2.000000000000001,3.015516979637338,Branch terminal
CIGRE MV,Reactive power,sigma_Q,Gain inverse NumPy,27,1000,1000,1000,1,71.02962962962962,2.114271165488484,3.0422890642492044,Branch terminal
CIGRE LV,Voltage magnitude,sigma_|U|,Analytical UQ ILSE,41,1000,1000,1000,0,52.268292682926834,1.4032636187651537,3.1984899175280788,Node
CIGRE LV,Voltage magnitude,sigma_|U|,Monte Carlo UQ ILSE,41,1000,1000,1000,1000,68.57073170731707,2.000000000000024,3.062736876217882,Node
CIGRE LV,Voltage magnitude,sigma_|U|,Analytical UQ NRSE,41,1000,1000,1000,0,67.77804878048782,1.9834770574394114,3.0623561680744302,Node
CIGRE LV,Voltage magnitude,sigma_|U|,Monte Carlo UQ NRSE,41,1000,1000,1000,1000,67.80243902439025,1.9999999999999747,3.06206715636781,Node
CIGRE LV,Voltage magnitude,sigma_|U|,Gain inverse NumPy,41,1000,1000,1000,1,68.48292682926828,2.0057858871208705,3.062289375139207,Node
CIGRE LV,Active power,sigma_P,Analytical UQ ILSE,16,1000,1000,1000,0,66.1875,1.9151078891488906,3.1079880509682662,Node
CIGRE LV,Active power,sigma_P,Monte Carlo UQ ILSE,16,1000,1000,1000,1000,68.1875,2.000000000000008,3.0964201319734808,Node
CIGRE LV,Active power,sigma_P,Analytical UQ NRSE,16,1000,1000,1000,0,67.23125,2.016956144008863,3.1085117817224877,Node
CIGRE LV,Active power,sigma_P,Monte Carlo UQ NRSE,16,1000,1000,1000,1000,68.18125,1.9999999999999885,3.0922416730515647,Node
CIGRE LV,Active power,sigma_P,Gain inverse NumPy,16,1000,1000,1000,1,80.09375000000001,2.5620343159470433,3.2563779912498876,Node
CIGRE LV,Reactive power,sigma_Q,Analytical UQ ILSE,16,1000,1000,1000,0,69.5625,1.9216828971962538,3.0424967739515454,Node
CIGRE LV,Reactive power,sigma_Q,Monte Carlo UQ ILSE,16,1000,1000,1000,1000,68.2875,1.9999999999999962,3.023434742455582,Node
CIGRE LV,Reactive power,sigma_Q,Analytical UQ NRSE,16,1000,1000,1000,0,71.14375,1.9987370702709488,3.0427377727176257,Node
CIGRE LV,Reactive power,sigma_Q,Monte Carlo UQ NRSE,16,1000,1000,1000,1000,68.35,1.9999999999999936,3.0195354237506398,Node
CIGRE LV,Reactive power,sigma_Q,Gain inverse NumPy,16,1000,1000,1000,1,83.82499999999999,2.5320258713240626,3.1828580766848504,Node
CIGRE LV,Current magnitude,sigma_|I|,Analytical UQ ILSE,80,1000,1000,1000,0,68.735,2.0156079294608324,3.078384033922951,Branch terminal
CIGRE LV,Current magnitude,sigma_|I|,Monte Carlo UQ ILSE,80,1000,1000,1000,1000,68.535,2.0000000000000107,3.043685209026793,Branch terminal
CIGRE LV,Current magnitude,sigma_|I|,Analytical UQ NRSE,80,1000,1000,1000,0,71.30499999999999,2.137014951741682,3.087197013824264,Branch terminal
CIGRE LV,Current magnitude,sigma_|I|,Monte Carlo UQ NRSE,80,1000,1000,1000,1000,68.5275,2.000000000000004,3.041744058248572,Branch terminal
CIGRE LV,Current magnitude,sigma_|I|,Gain inverse NumPy,80,1000,1000,1000,1,90.23,3.8220992290795555,4.187432884736748,Branch terminal
CIGRE LV,Active power,sigma_P,Analytical UQ ILSE,80,1000,1000,1000,0,68.7375,2.008219407620103,3.0836881589038208,Branch terminal
CIGRE LV,Active power,sigma_P,Monte Carlo UQ ILSE,80,1000,1000,1000,1000,68.26875,2.000000000000004,3.067949294965366,Branch terminal
CIGRE LV,Active power,sigma_P,Analytical UQ NRSE,80,1000,1000,1000,0,69.875,2.093930456940464,3.096677439700128,Branch terminal
CIGRE LV,Active power,sigma_P,Monte Carlo UQ NRSE,80,1000,1000,1000,1000,68.28,2.000000000000009,3.0666850693625465,Branch terminal
CIGRE LV,Active power,sigma_P,Gain inverse NumPy,80,1000,1000,1000,1,89.57749999999999,3.639769819800742,4.074597651345364,Branch terminal
CIGRE LV,Reactive power,sigma_Q,Analytical UQ ILSE,80,1000,1000,1000,0,67.44749999999999,1.8881212757776011,3.049038597713965,Branch terminal
CIGRE LV,Reactive power,sigma_Q,Monte Carlo UQ ILSE,80,1000,1000,1000,1000,68.38374999999999,1.999999999999998,3.0282942234732406,Branch terminal
CIGRE LV,Reactive power,sigma_Q,Analytical UQ NRSE,80,1000,1000,1000,0,68.09375,1.9197844675203803,3.0620662983779288,Branch terminal
CIGRE LV,Reactive power,sigma_Q,Monte Carlo UQ NRSE,80,1000,1000,1000,1000,68.4325,1.9999999999999984,3.0330511602444044,Branch terminal
CIGRE LV,Reactive power,sigma_Q,Gain inverse NumPy,80,1000,1000,1000,1,90.5675,3.2878961639378854,3.6874399710563575,Branch terminal
IEEE 33,Voltage magnitude,sigma_|U|,Analytical UQ ILSE,33,1000,1000,1000,0,51.69696969696971,1.3766976739953984,3.207268312563809,Node
IEEE 33,Voltage magnitude,sigma_|U|,Monte Carlo UQ ILSE,33,1000,1000,1000,1000,68.7939393939394,1.9999999999999876,3.059181736713099,Node
IEEE 33,Voltage magnitude,sigma_|U|,Analytical UQ NRSE,33,1000,1000,1000,0,67.7969696969697,1.9801003962380763,3.068781093625724,Node
IEEE 33,Voltage magnitude,sigma_|U|,Monte Carlo UQ NRSE,33,1000,1000,1000,1000,68.14545454545454,1.9999999999999976,3.0688403212616264,Node
IEEE 33,Voltage magnitude,sigma_|U|,Gain inverse NumPy,33,1000,1000,1000,1,67.80606060606063,1.9802466308697473,3.0687438328354055,Node
IEEE 33,Active power,sigma_P,Analytical UQ ILSE,33,1000,1000,1000,0,56.22727272727273,1.5410982093496177,3.1298192657649846,Node
IEEE 33,Active power,sigma_P,Monte Carlo UQ ILSE,33,1000,1000,1000,1000,68.00303030303031,2.0,3.0448889039831446,Node
IEEE 33,Active power,sigma_P,Analytical UQ NRSE,33,1000,1000,1000,0,68.23030303030305,2.0049159932494756,3.043666132978804,Node
IEEE 33,Active power,sigma_P,Monte Carlo UQ NRSE,33,1000,1000,1000,1000,67.9787878787879,2.0000000000000004,3.0446864575318004,Node
IEEE 33,Active power,sigma_P,Gain inverse NumPy,33,1000,1000,1000,1,68.25454545454545,2.0055017172169007,3.043500220233474,Node
IEEE 33,Reactive power,sigma_Q,Analytical UQ ILSE,33,1000,1000,1000,0,84.76060606060607,2.891663778972332,3.3439238062422874,Node
IEEE 33,Reactive power,sigma_Q,Monte Carlo UQ ILSE,33,1000,1000,1000,1000,67.94545454545454,2.0000000000000004,3.0794832723398846,Node
IEEE 33,Reactive power,sigma_Q,Analytical UQ NRSE,33,1000,1000,1000,0,67.77878787878788,2.000743616431204,3.071260209043113,Node
IEEE 33,Reactive power,sigma_Q,Monte Carlo UQ NRSE,33,1000,1000,1000,1000,67.79393939393938,1.9999999999999993,3.071124423370558,Node
IEEE 33,Reactive power,sigma_Q,Gain inverse NumPy,33,1000,1000,1000,1,67.7909090909091,2.00128490694454,3.0707390395227034,Node
IEEE 33,Current magnitude,sigma_|I|,Analytical UQ ILSE,64,1000,1000,1000,0,61.059375,1.7145773767155714,3.0863813023044764,Branch terminal
IEEE 33,Current magnitude,sigma_|I|,Monte Carlo UQ ILSE,64,1000,1000,1000,1000,68.315625,1.9999999999999996,3.0432711288366985,Branch terminal
IEEE 33,Current magnitude,sigma_|I|,Analytical UQ NRSE,64,1000,1000,1000,0,68.20625,1.989341343003803,3.0460766131776635,Branch terminal
IEEE 33,Current magnitude,sigma_|I|,Monte Carlo UQ NRSE,64,1000,1000,1000,1000,68.478125,1.9999999999999993,3.0420896861097066,Branch terminal
IEEE 33,Current magnitude,sigma_|I|,Gain inverse NumPy,64,1000,1000,1000,1,68.21875,1.9904199489122878,3.0449404220769134,Branch terminal
IEEE 33,Active power,sigma_P,Analytical UQ ILSE,64,1000,1000,1000,0,56.018750000000004,1.5417835666970552,3.126300586883195,Branch terminal
IEEE 33,Active power,sigma_P,Monte Carlo UQ ILSE,64,1000,1000,1000,1000,68.2125,2.0000000000000004,3.0392085116001755,Branch terminal
IEEE 33,Active power,sigma_P,Analytical UQ NRSE,64,1000,1000,1000,0,68.3828125,2.0003911083248664,3.040601705174877,Branch terminal
IEEE 33,Active power,sigma_P,Monte Carlo UQ NRSE,64,1000,1000,1000,1000,68.4078125,1.9999999999999991,3.040743266809896,Branch terminal
IEEE 33,Active power,sigma_P,Gain inverse NumPy,64,1000,1000,1000,1,68.44531249999999,2.001009086430271,3.0402175798807396,Branch terminal
IEEE 33,Reactive power,sigma_Q,Analytical UQ ILSE,64,1000,1000,1000,0,84.85781250000001,2.9138472585355815,3.3645551835720395,Branch terminal
IEEE 33,Reactive power,sigma_Q,Monte Carlo UQ ILSE,64,1000,1000,1000,1000,67.8671875,2.000000000000001,3.0823194656646358,Branch terminal
IEEE 33,Reactive power,sigma_Q,Analytical UQ NRSE,64,1000,1000,1000,0,68.03281249999999,2.005578657696015,3.0762737153046804,Branch terminal
IEEE 33,Reactive power,sigma_Q,Monte Carlo UQ NRSE,64,1000,1000,1000,1000,67.9109375,1.9999999999999996,3.075418707778641,Branch terminal
IEEE 33,Reactive power,sigma_Q,Gain inverse NumPy,64,1000,1000,1000,1,68.05624999999999,2.0061974747074984,3.0746758191202774,Branch terminal
MV Oberrhein,Voltage magnitude,sigma_|U|,Analytical UQ ILSE,179,1000,1000,1000,0,52.05642458100559,1.423301011722137,3.2959554956867785,Node
MV Oberrhein,Voltage magnitude,sigma_|U|,Monte Carlo UQ ILSE,179,1000,1000,1000,1000,67.72960893854749,2.000000000000014,3.152509042793107,Node
MV Oberrhein,Voltage magnitude,sigma_|U|,Analytical UQ NRSE,179,1000,1000,1000,0,65.26256983240224,2.033426707505666,3.3069524239441854,Node
MV Oberrhein,Voltage magnitude,sigma_|U|,Monte Carlo UQ NRSE,179,1000,1000,1000,1000,64.73631284916202,2.0000000000000044,3.3104431894581965,Node
MV Oberrhein,Voltage magnitude,sigma_|U|,Gain inverse NumPy,179,1000,1000,1000,1,65.36480446927374,2.0402855913832907,3.3045100328437966,Node
MV Oberrhein,Active power,sigma_P,Analytical UQ ILSE,161,1000,1000,1000,0,56.02422360248448,1.547785321166574,3.1515691854367347,Node
MV Oberrhein,Active power,sigma_P,Monte Carlo UQ ILSE,161,1000,1000,1000,1000,68.0080745341615,1.9999999999999993,3.0634966717275045,Node
MV Oberrhein,Active power,sigma_P,Analytical UQ NRSE,161,1000,1000,1000,0,67.544099378882,1.986216411099388,3.0689220799598993,Node
MV Oberrhein,Active power,sigma_P,Monte Carlo UQ NRSE,161,1000,1000,1000,1000,68.17142857142858,1.9999999999999993,3.0658544854728587,Node
MV Oberrhein,Active power,sigma_P,Gain inverse NumPy,161,1000,1000,1000,1,69.21987577639752,2.054051809314176,3.076656815462086,Node
MV Oberrhein,Reactive power,sigma_Q,Analytical UQ ILSE,161,1000,1000,1000,0,91.9801242236025,3.5052272806445823,3.723907843415296,Node
MV Oberrhein,Reactive power,sigma_Q,Monte Carlo UQ ILSE,161,1000,1000,1000,1000,68.23913043478261,1.9999999999999998,3.051107318460212,Node
MV Oberrhein,Reactive power,sigma_Q,Analytical UQ NRSE,161,1000,1000,1000,0,68.84844720496895,2.0169286287817427,3.052391352013667,Node
MV Oberrhein,Reactive power,sigma_Q,Monte Carlo UQ NRSE,161,1000,1000,1000,1000,68.20434782608696,2.0000000000000004,3.052288657910125,Node
MV Oberrhein,Reactive power,sigma_Q,Gain inverse NumPy,161,1000,1000,1000,1,70.54099378881988,2.082630417413387,3.061977224617646,Node
MV Oberrhein,Current magnitude,sigma_|I|,Analytical UQ ILSE,356,1000,1000,1000,0,55.05337078651685,1.5120148520415384,3.1623492733188843,Branch terminal
MV Oberrhein,Current magnitude,sigma_|I|,Monte Carlo UQ ILSE,356,1000,1000,1000,1000,68.19297752808988,2.0,3.0611178024910797,Branch terminal
MV Oberrhein,Current magnitude,sigma_|I|,Analytical UQ NRSE,356,1000,1000,1000,0,67.62191011235954,1.9898791117179595,3.076146171188921,Branch terminal
MV Oberrhein,Current magnitude,sigma_|I|,Monte Carlo UQ NRSE,356,1000,1000,1000,1000,67.90168539325843,2.0,3.073301726298068,Branch terminal
MV Oberrhein,Current magnitude,sigma_|I|,Gain inverse NumPy,356,1000,1000,1000,1,70.41320224719102,2.1084506607816693,3.0992042566517117,Branch terminal
MV Oberrhein,Active power,sigma_P,Analytical UQ ILSE,356,1000,1000,1000,0,57.022191011235954,1.578668151204324,3.1292767890664837,Branch terminal
MV Oberrhein,Active power,sigma_P,Monte Carlo UQ ILSE,356,1000,1000,1000,1000,68.25224719101122,1.9999999999999993,3.055208802225166,Branch terminal
MV Oberrhein,Active power,sigma_P,Analytical UQ NRSE,356,1000,1000,1000,0,67.80814606741573,1.986412947709377,3.062299057094726,Branch terminal
MV Oberrhein,Active power,sigma_P,Monte Carlo UQ NRSE,356,1000,1000,1000,1000,68.18061797752809,1.9999999999999993,3.058451855017025,Branch terminal
MV Oberrhein,Active power,sigma_P,Gain inverse NumPy,356,1000,1000,1000,1,70.81376404494381,2.113153410509363,3.0905148462950685,Branch terminal
MV Oberrhein,Reactive power,sigma_Q,Analytical UQ ILSE,356,1000,1000,1000,0,91.72696629213483,3.584217550971962,3.7950309779958453,Branch terminal
MV Oberrhein,Reactive power,sigma_Q,Monte Carlo UQ ILSE,356,1000,1000,1000,1000,68.23398876404495,1.9999999999999993,3.055621729957395,Branch terminal
MV Oberrhein,Reactive power,sigma_Q,Analytical UQ NRSE,356,1000,1000,1000,0,68.67191011235954,2.0157912920693977,3.0575953064885155,Branch terminal
MV Oberrhein,Reactive power,sigma_Q,Monte Carlo UQ NRSE,356,1000,1000,1000,1000,68.17640449438203,2.0,3.0573713186302163,Branch terminal
MV Oberrhein,Reactive power,sigma_Q,Gain inverse NumPy,356,1000,1000,1000,1,71.68623595505618,2.1387366385099407,3.0876246260554687,Branch terminal
LV Schutterwald,Voltage magnitude,sigma_|U|,Analytical UQ ILSE,2940,1000,1000,1000,0,61.07486394557824,1.688478444267149,3.080082739440418,Node
LV Schutterwald,Voltage magnitude,sigma_|U|,Monte Carlo UQ ILSE,2940,1000,1000,1000,1000,68.48755102040816,1.9999999999999953,3.0387771159634642,Node
LV Schutterwald,Voltage magnitude,sigma_|U|,Analytical UQ NRSE,2940,1000,1000,1000,0,68.42340136054422,1.9947834357826046,3.038004666354283,Node
LV Schutterwald,Voltage magnitude,sigma_|U|,Monte Carlo UQ NRSE,2940,1000,1000,1000,1000,68.4911224489796,2.0000000000000018,3.038631967273395,Node
LV Schutterwald,Voltage magnitude,sigma_|U|,Gain inverse NumPy,2940,1000,1000,1000,1,73.4241156462585,2.219018039883704,3.068120627738052,Node
LV Schutterwald,Active power,sigma_P,Analytical UQ ILSE,1520,1000,1000,1000,0,63.98796052631579,1.8311543212421033,3.0631494960048253,Node
LV Schutterwald,Active power,sigma_P,Monte Carlo UQ ILSE,1520,1000,1000,1000,1000,68.20901315789473,2.0,3.052343576111309,Node
LV Schutterwald,Active power,sigma_P,Analytical UQ NRSE,1520,1000,1000,1000,0,68.2078947368421,1.999792902036061,3.051599862786899,Node
LV Schutterwald,Active power,sigma_P,Monte Carlo UQ NRSE,1520,1000,1000,1000,1000,68.20927631578947,2.0,3.052341039925337,Node
LV Schutterwald,Active power,sigma_P,Gain inverse NumPy,1520,1000,1000,1000,1,81.22302631578948,2.631777643295344,3.1985757296746247,Node
LV Schutterwald,Reactive power,sigma_Q,Analytical UQ ILSE,1520,1000,1000,1000,0,64.01861842105264,1.8305178006940799,3.061193469252103,Node
LV Schutterwald,Reactive power,sigma_Q,Monte Carlo UQ ILSE,1520,1000,1000,1000,1000,68.27059210526315,2.0,3.05058839242708,Node
LV Schutterwald,Reactive power,sigma_Q,Analytical UQ NRSE,1520,1000,1000,1000,0,68.24572368421052,1.9988461984359887,3.049800106474313,Node
LV Schutterwald,Reactive power,sigma_Q,Monte Carlo UQ NRSE,1520,1000,1000,1000,1000,68.27052631578947,1.9999999999999998,3.050587093405895,Node
LV Schutterwald,Reactive power,sigma_Q,Gain inverse NumPy,1520,1000,1000,1000,1,81.18677631578947,2.630421733153964,3.197094744512455,Node
LV Schutterwald,Current magnitude,sigma_|I|,Analytical UQ ILSE,2969,1000,1000,1000,0,62.70660154934321,2.2546128787395516,3.897810814084544,Branch terminal
LV Schutterwald,Current magnitude,sigma_|I|,Monte Carlo UQ ILSE,2969,1000,1000,1000,1000,57.862074772650715,1.9999999999999996,4.0213096574723055,Branch terminal
LV Schutterwald,Current magnitude,sigma_|I|,Analytical UQ NRSE,2969,1000,1000,1000,0,66.8978443920512,2.4631495085417345,3.873431365286417,Branch terminal
LV Schutterwald,Current magnitude,sigma_|I|,Monte Carlo UQ NRSE,2969,1000,1000,1000,1000,57.863388346244534,2.0,4.021310073056289,Branch terminal
LV Schutterwald,Current magnitude,sigma_|I|,Gain inverse NumPy,2969,1000,1000,1000,1,82.27396429774333,3.4544207380694565,4.131319042953814,Branch terminal
LV Schutterwald,Active power,sigma_P,Analytical UQ ILSE,2970,1000,1000,1000,0,63.36636363636363,1.8311009758344416,3.06170223936135,Branch terminal
LV Schutterwald,Active power,sigma_P,Monte Carlo UQ ILSE,2970,1000,1000,1000,1000,68.20023569023569,2.0,3.0510576531808113,Branch terminal
LV Schutterwald,Active power,sigma_P,Analytical UQ NRSE,2970,1000,1000,1000,0,68.21491582491583,2.0000698961132874,3.050317302864992,Branch terminal
LV Schutterwald,Active power,sigma_P,Monte Carlo UQ NRSE,2970,1000,1000,1000,1000,68.22272727272727,2.0,3.051056996071781,Branch terminal
LV Schutterwald,Active power,sigma_P,Gain inverse NumPy,2970,1000,1000,1000,1,83.72555555555556,2.8070959816677274,3.2866269337758345,Branch terminal
LV Schutterwald,Reactive power,sigma_Q,Analytical UQ ILSE,2970,1000,1000,1000,0,64.0293265993266,1.8318055166720701,3.0610919940562558,Branch terminal
LV Schutterwald,Reactive power,sigma_Q,Monte Carlo UQ ILSE,2970,1000,1000,1000,1000,68.25333333333333,2.0,3.05077683905544,Branch terminal
LV Schutterwald,Reactive power,sigma_Q,Analytical UQ NRSE,2970,1000,1000,1000,0,68.24491582491584,1.9989690465694856,3.0499579591663224,Branch terminal
LV Schutterwald,Reactive power,sigma_Q,Monte Carlo UQ NRSE,2970,1000,1000,1000,1000,68.26414141414142,2.0000000000000004,3.0507770872967077,Branch terminal
LV Schutterwald,Reactive power,sigma_Q,Gain inverse NumPy,2970,1000,1000,1000,1,83.68390572390574,2.8054594798206764,3.2858241343005954,Branch terminal
