network,quantity,symbol,unit,method,finite outputs,attempted samples,method converged samples,common converged samples,sigma calibration samples,MCS [%],MWS,MWIS,standardized MWS,standardized MWIS,component class,rated voltage [kV]
CIGRE MV,Voltage magnitude,sigma_|U|,V,Analytical UQ ILSE,1,1000,1000,1000,0,49.8,42.42640687120729,100.11591675471676,1.3674555937074921,3.2268598847172494,Node,110.0
CIGRE MV,Voltage magnitude,sigma_|U|,V,Monte Carlo UQ ILSE,1,1000,1000,1000,1000,68.5,62.05160455146688,94.5260247323211,2.000000000000332,3.0466907476642273,Node,110.0
CIGRE MV,Voltage magnitude,sigma_|U|,V,Analytical UQ NRSE,1,1000,1000,1000,0,67.0,60.0,94.56907747812971,1.9338742465634193,3.048078390936929,Node,110.0
CIGRE MV,Voltage magnitude,sigma_|U|,V,Monte Carlo UQ NRSE,1,1000,1000,1000,1000,68.5,62.05160455146688,94.5260247323213,2.0000000000003206,3.0466907476642167,Node,110.0
CIGRE MV,Voltage magnitude,sigma_|U|,V,Gain inverse NumPy,1,1000,1000,1000,1,67.0,60.0,94.56907747812971,1.9338742465634193,3.048078390936929,Node,110.0
CIGRE MV,Active power,sigma_P,kW,Analytical UQ ILSE,1,1000,1000,1000,0,50.1,579.6344537226003,1334.553442234872,1.4239649604269073,3.2785444815346327,Node,110.0
CIGRE MV,Active power,sigma_P,kW,Monte Carlo UQ ILSE,1,1000,1000,1000,1000,67.2,814.1133663132042,1262.1374102308437,1.999999999999996,3.10064288944563,Node,110.0
CIGRE MV,Active power,sigma_P,kW,Analytical UQ NRSE,1,1000,1000,1000,0,67.7,815.5176316047864,1258.9078029519835,2.005466577711923,3.095822120084414,Node,110.0
CIGRE MV,Active power,sigma_P,kW,Monte Carlo UQ NRSE,1,1000,1000,1000,1000,67.5,813.2946623675227,1258.9487661578491,1.999999999999996,3.095922854068691,Node,110.0
CIGRE MV,Active power,sigma_P,kW,Gain inverse NumPy,1,1000,1000,1000,1,67.60000000000001,815.6614013369978,1258.8970859553642,2.0058201266502445,3.0957957655609794,Node,110.0
CIGRE MV,Reactive power,sigma_Q,kvar,Analytical UQ ILSE,1,1000,1000,1000,0,52.400000000000006,583.0059679626881,1343.2688198638982,1.4277228385984206,3.2895299154460345,Node,110.0
CIGRE MV,Reactive power,sigma_Q,kvar,Monte Carlo UQ ILSE,1,1000,1000,1000,1000,66.9,816.6934816774647,1282.7762426482434,2.0000000000000013,3.1413896925281173,Node,110.0
CIGRE MV,Reactive power,sigma_Q,kvar,Analytical UQ NRSE,1,1000,1000,1000,0,66.7,811.6116153372371,1282.79055650456,1.9898710827422308,3.1450853898173916,Node,110.0
CIGRE MV,Reactive power,sigma_Q,kvar,Monte Carlo UQ NRSE,1,1000,1000,1000,1000,67.10000000000001,815.7429115646627,1282.6166304707033,2.0000000000000013,3.1446589661699633,Node,110.0
CIGRE MV,Reactive power,sigma_Q,kvar,Gain inverse NumPy,1,1000,1000,1000,1,66.7,811.7045942683102,1282.7883641192013,1.9900990441005333,3.1450800146303624,Node,110.0
CIGRE MV,Voltage magnitude,sigma_|U|,V,Analytical UQ ILSE,14,1000,1000,1000,0,51.12142857142856,32.9812378248681,76.53570710385974,1.3941607922537804,3.235266141865829,Node,20.0
CIGRE MV,Voltage magnitude,sigma_|U|,V,Monte Carlo UQ ILSE,14,1000,1000,1000,1000,67.84285714285714,47.31339169501631,72.82851408021546,2.000000000000035,3.078558161700677,Node,20.0
CIGRE MV,Voltage magnitude,sigma_|U|,V,Analytical UQ NRSE,14,1000,1000,1000,0,67.40714285714287,46.963927874277154,72.11183287691175,1.994241006655995,3.062102781803891,Node,20.0
CIGRE MV,Voltage magnitude,sigma_|U|,V,Monte Carlo UQ NRSE,14,1000,1000,1000,1000,67.70000000000002,47.09955087427287,72.12964380557675,2.0000000000000187,3.0628590917191403,Node,20.0
CIGRE MV,Voltage magnitude,sigma_|U|,V,Gain inverse NumPy,14,1000,1000,1000,1,67.47142857142858,47.03168545589558,72.11067097885172,1.9971182137783856,3.0620534438361835,Node,20.0
CIGRE MV,Active power,sigma_P,kW,Analytical UQ ILSE,13,1000,1000,1000,0,54.45384615384615,95.79682207166057,213.9622580421911,1.428661034342952,3.190915254539942,Node,20.0
CIGRE MV,Active power,sigma_P,kW,Monte Carlo UQ ILSE,13,1000,1000,1000,1000,68.18461538461538,134.10713915875473,204.84337439565454,1.9999999999999956,3.0549212470062836,Node,20.0
CIGRE MV,Active power,sigma_P,kW,Analytical UQ NRSE,13,1000,1000,1000,0,66.31538461538462,129.82048900644577,201.15737609966826,1.9745665468536455,3.059598901060529,Node,20.0
CIGRE MV,Active power,sigma_P,kW,Monte Carlo UQ NRSE,13,1000,1000,1000,1000,68.00000000000001,131.4926450195431,200.94082426969015,1.9999999999999991,3.056305152882509,Node,20.0
CIGRE MV,Active power,sigma_P,kW,Gain inverse NumPy,13,1000,1000,1000,1,66.69230769230768,130.50311369291913,201.2493852250096,1.9849492520820924,3.060998357666299,Node,20.0
CIGRE MV,Reactive power,sigma_Q,kvar,Analytical UQ ILSE,13,1000,1000,1000,0,82.38461538461539,93.42853300709842,171.63889106283466,1.8114415391694574,3.327825097977057,Node,20.0
CIGRE MV,Reactive power,sigma_Q,kvar,Monte Carlo UQ ILSE,13,1000,1000,1000,1000,68.50769230769231,103.15379324903326,161.8452644473027,1.9999999999999993,3.1379411139360975,Node,20.0
CIGRE MV,Reactive power,sigma_Q,kvar,Analytical UQ NRSE,13,1000,1000,1000,0,68.77692307692308,102.00393725748836,158.4407076270594,2.015155437242233,3.130101269024656,Node,20.0
CIGRE MV,Reactive power,sigma_Q,kvar,Monte Carlo UQ NRSE,13,1000,1000,1000,1000,68.37692307692306,101.23679332357811,158.4712243399739,1.9999999999999991,3.1307041469292725,Node,20.0
CIGRE MV,Reactive power,sigma_Q,kvar,Gain inverse NumPy,13,1000,1000,1000,1,69.24615384615385,102.29598095946278,158.43979364656388,2.020924954280193,3.130083212733746,Node,20.0
CIGRE MV,Current magnitude,sigma_|I|,A,Analytical UQ ILSE,27,1000,1000,1000,0,55.18148148148148,0.8356800429721396,1.7415309606614853,1.5209874663945913,3.169690105418205,Branch terminal,20.0
CIGRE MV,Current magnitude,sigma_|I|,A,Monte Carlo UQ ILSE,27,1000,1000,1000,1000,68.25555555555556,1.0988651273413435,1.6884501707523738,2.000000000000001,3.0730799053337994,Branch terminal,20.0
CIGRE MV,Current magnitude,sigma_|I|,A,Analytical UQ NRSE,27,1000,1000,1000,0,67.57777777777777,1.0402226530710144,1.607125354471025,1.991102181170322,3.0762171822102484,Branch terminal,20.0
CIGRE MV,Current magnitude,sigma_|I|,A,Monte Carlo UQ NRSE,27,1000,1000,1000,1000,68.05925925925928,1.044871190347042,1.6029681102853413,1.9999999999999976,3.0682597531527915,Branch terminal,20.0
CIGRE MV,Current magnitude,sigma_|I|,A,Gain inverse NumPy,27,1000,1000,1000,1,69.87037037037038,1.1040419669727646,1.6307969530365085,2.1132594661856228,3.121527262120905,Branch terminal,20.0
CIGRE MV,Active power,sigma_P,kW,Analytical UQ ILSE,27,1000,1000,1000,0,54.407407407407405,27.36348765711024,58.11557334071132,1.4898456932095616,3.1641886346883505,Branch terminal,20.0
CIGRE MV,Active power,sigma_P,kW,Monte Carlo UQ ILSE,27,1000,1000,1000,1000,68.38888888888889,36.73331779502792,56.17153060445103,2.000000000000001,3.0583423429317462,Branch terminal,20.0
CIGRE MV,Active power,sigma_P,kW,Analytical UQ NRSE,27,1000,1000,1000,0,67.5185185185185,34.641920048927446,53.70278030910612,1.98451630530781,3.076447350876094,Branch terminal,20.0
CIGRE MV,Active power,sigma_P,kW,Monte Carlo UQ NRSE,27,1000,1000,1000,1000,68.2925925925926,34.91220501063535,53.53323549763483,1.9999999999999996,3.0667347124781674,Branch terminal,20.0
CIGRE MV,Active power,sigma_P,kW,Gain inverse NumPy,27,1000,1000,1000,1,69.67777777777778,36.86951938460722,54.47847959684004,2.112127800199134,3.1208844918414163,Branch terminal,20.0
CIGRE MV,Reactive power,sigma_Q,kvar,Analytical UQ ILSE,27,1000,1000,1000,0,83.99259259259259,27.372661110639847,30.306057137050495,3.09775424387301,3.429725620460933,Branch terminal,20.0
CIGRE MV,Reactive power,sigma_Q,kvar,Monte Carlo UQ ILSE,27,1000,1000,1000,1000,68.66296296296296,17.67258404360496,26.79810349663633,2.0000000000000004,3.0327317646944287,Branch terminal,20.0
CIGRE MV,Reactive power,sigma_Q,kvar,Analytical UQ NRSE,27,1000,1000,1000,0,68.75925925925925,16.31699216793344,24.518412844835574,2.0067317585822115,3.0153766833604503,Branch terminal,20.0
CIGRE MV,Reactive power,sigma_Q,kvar,Monte Carlo UQ NRSE,27,1000,1000,1000,1000,68.73703703703706,16.262255379325502,24.51955361177733,2.000000000000001,3.015516979637338,Branch terminal,20.0
CIGRE MV,Reactive power,sigma_Q,kvar,Gain inverse NumPy,27,1000,1000,1000,1,71.02962962962962,17.19140881715894,24.737240850274873,2.114271165488484,3.0422890642492044,Branch terminal,20.0
CIGRE LV,Voltage magnitude,sigma_|U|,V,Analytical UQ ILSE,1,1000,1000,1000,0,53.800000000000004,17.807752744811435,40.38029420857591,1.4075315867198595,3.1916738958638007,Node,20.0
CIGRE LV,Voltage magnitude,sigma_|U|,V,Monte Carlo UQ ILSE,1,1000,1000,1000,1000,69.1,25.30352130329265,38.75371348783201,2.0000000000000226,3.0631083336839424,Node,20.0
CIGRE LV,Voltage magnitude,sigma_|U|,V,Analytical UQ NRSE,1,1000,1000,1000,0,67.5,23.873351841406265,37.13831253256576,1.9724931207685301,3.0684868414825215,Node,20.0
CIGRE LV,Voltage magnitude,sigma_|U|,V,Monte Carlo UQ NRSE,1,1000,1000,1000,1000,68.0,24.20627133249945,37.13352752487853,1.999999999999963,3.068091488755825,Node,20.0
CIGRE LV,Voltage magnitude,sigma_|U|,V,Gain inverse NumPy,1,1000,1000,1000,1,67.9,24.04061142294813,37.135011458826455,1.9863126454069486,3.0682140961518622,Node,20.0
CIGRE LV,Active power,sigma_P,kW,Analytical UQ ILSE,1,1000,1000,1000,0,66.2,3.048989611768751,4.9241218345659465,1.9064073567857915,3.078850139368087,Node,20.0
CIGRE LV,Active power,sigma_P,kW,Monte Carlo UQ ILSE,1,1000,1000,1000,1000,69.0,3.1986758768172003,4.920961532527611,2.000000000000017,3.0768741329454046,Node,20.0
CIGRE LV,Active power,sigma_P,kW,Analytical UQ NRSE,1,1000,1000,1000,0,69.0,3.06655444924392,4.659361555244236,2.0219619948343914,3.072194588691922,Node,20.0
CIGRE LV,Active power,sigma_P,kW,Monte Carlo UQ NRSE,1,1000,1000,1000,1000,68.10000000000001,3.0332463785947765,4.658895051407735,1.9999999999999505,3.071886994927173,Node,20.0
CIGRE LV,Active power,sigma_P,kW,Gain inverse NumPy,1,1000,1000,1000,1,74.7,3.4925069755096922,4.705881403730726,2.3028178654762574,3.102867895558633,Node,20.0
CIGRE LV,Reactive power,sigma_Q,kvar,Analytical UQ ILSE,1,1000,1000,1000,0,66.3,3.075140116467226,4.815620662635754,1.9070475911526161,2.9864062893935968,Node,20.0
CIGRE LV,Reactive power,sigma_Q,kvar,Monte Carlo UQ ILSE,1,1000,1000,1000,1000,68.8,3.2250271369563417,4.812846111658955,1.9999999999999865,2.9846856521034453,Node,20.0
CIGRE LV,Reactive power,sigma_Q,kvar,Analytical UQ NRSE,1,1000,1000,1000,0,67.80000000000001,3.0421573145564866,4.657396774795148,1.9611721426816453,3.0024603817949553,Node,20.0
CIGRE LV,Reactive power,sigma_Q,kvar,Monte Carlo UQ NRSE,1,1000,1000,1000,1000,68.7,3.102386831169948,4.65754347477634,1.9999999999999716,3.0025549541285645,Node,20.0
CIGRE LV,Reactive power,sigma_Q,kvar,Gain inverse NumPy,1,1000,1000,1000,1,73.7,3.5228320990741486,4.693903099934754,2.2710463206457048,3.0259947294609675,Node,20.0
CIGRE LV,Voltage magnitude,sigma_|U|,V,Analytical UQ ILSE,40,1000,1000,1000,0,52.23000000000001,0.3736128669815185,0.8568169001002086,1.3982116203179258,3.2065580500046242,Node,0.4
CIGRE LV,Voltage magnitude,sigma_|U|,V,Monte Carlo UQ ILSE,40,1000,1000,1000,1000,68.55749999999999,0.5344153367808104,0.8182692898136615,2.0000000000000266,3.062297181599353,Node,0.4
CIGRE LV,Voltage magnitude,sigma_|U|,V,Analytical UQ NRSE,40,1000,1000,1000,0,67.78500000000001,0.507650930991994,0.77679287444629,1.9965481088489323,3.055060573635637,Node,0.4
CIGRE LV,Voltage magnitude,sigma_|U|,V,Monte Carlo UQ NRSE,40,1000,1000,1000,1000,67.7975,0.5085286237201331,0.7767515655784087,1.9999999999999882,3.0548981093575045,Node,0.4
CIGRE LV,Voltage magnitude,sigma_|U|,V,Gain inverse NumPy,40,1000,1000,1000,1,68.4975,0.5158919504855561,0.776838208131147,2.0289593404263213,3.055238867177996,Node,0.4
CIGRE LV,Active power,sigma_P,kW,Analytical UQ ILSE,15,1000,1000,1000,0,66.18666666666667,0.6582426189819399,1.0698492688598475,1.9178106930989332,3.1170396881879583,Node,0.4
CIGRE LV,Active power,sigma_P,kW,Monte Carlo UQ ILSE,15,1000,1000,1000,1000,68.13333333333334,0.6864521314335849,1.064856143556173,2.0000000000000053,3.1024920596643293,Node,0.4
CIGRE LV,Active power,sigma_P,kW,Analytical UQ NRSE,15,1000,1000,1000,0,67.11333333333333,0.6672535470989299,1.032816223260415,2.015427379472808,3.1196028906446847,Node,0.4
CIGRE LV,Active power,sigma_P,kW,Monte Carlo UQ NRSE,15,1000,1000,1000,1000,68.18666666666667,0.6621459586139681,1.0258156885580034,2.000000000000001,3.0984579010503497,Node,0.4
CIGRE LV,Active power,sigma_P,kW,Gain inverse NumPy,15,1000,1000,1000,1,80.45333333333335,0.8744292460560757,1.0936198947072335,2.641197864852844,3.3032592904333216,Node,0.4
CIGRE LV,Reactive power,sigma_Q,kvar,Analytical UQ ILSE,15,1000,1000,1000,0,69.77999999999999,0.6683314412524471,1.061671929008778,1.9262173755240088,3.0598753710142197,Node,0.4
CIGRE LV,Reactive power,sigma_Q,kvar,Monte Carlo UQ ILSE,15,1000,1000,1000,1000,68.25333333333334,0.6939314843119757,1.0531938415402335,1.9999999999999993,3.0354404299279243,Node,0.4
CIGRE LV,Reactive power,sigma_Q,kvar,Analytical UQ NRSE,15,1000,1000,1000,0,71.36666666666667,0.6775464850043874,1.0297008741640195,2.0102628682690633,3.05509581787989,Node,0.4
CIGRE LV,Reactive power,sigma_Q,kvar,Monte Carlo UQ NRSE,15,1000,1000,1000,1000,68.32666666666667,0.6740874496555659,1.0194714659817734,2.000000000000001,3.0247454288095317,Node,0.4
CIGRE LV,Reactive power,sigma_Q,kvar,Gain inverse NumPy,15,1000,1000,1000,1,84.50000000000001,0.8803920817390143,1.0889840345214084,2.612100498796894,3.230987418851486,Node,0.4
CIGRE LV,Current magnitude,sigma_|I|,A,Analytical UQ ILSE,3,1000,1000,1000,0,65.7,0.04819190677982793,0.08190554884938636,1.8524538071462409,3.1483760641726137,Branch terminal,20.0
CIGRE LV,Current magnitude,sigma_|I|,A,Monte Carlo UQ ILSE,3,1000,1000,1000,1000,68.10000000000001,0.05203034655322333,0.0811301937908761,2.0000000000000204,3.118572108985918,Branch terminal,20.0
CIGRE LV,Current magnitude,sigma_|I|,A,Analytical UQ NRSE,3,1000,1000,1000,0,71.89999999999999,0.050330228687385827,0.07482931585414956,2.1004624544587958,3.1228979590126964,Branch terminal,20.0
CIGRE LV,Current magnitude,sigma_|I|,A,Monte Carlo UQ NRSE,3,1000,1000,1000,1000,68.4,0.047922997700383996,0.0745552118511245,2.0000000000000027,3.111458607712564,Branch terminal,20.0
CIGRE LV,Current magnitude,sigma_|I|,A,Gain inverse NumPy,3,1000,1000,1000,1,78.63333333333333,0.0605901075246357,0.08262738626927059,2.5286443015709046,3.4483396379274756,Branch terminal,20.0
CIGRE LV,Active power,sigma_P,kW,Analytical UQ ILSE,3,1000,1000,1000,0,67.23333333333333,1.6723339111623694,2.7466127008649517,1.9146825438945747,3.1446419629977,Branch terminal,20.0
CIGRE LV,Active power,sigma_P,kW,Monte Carlo UQ ILSE,3,1000,1000,1000,1000,68.6,1.746852413205527,2.7418110644849034,1.999999999999998,3.139144490694087,Branch terminal,20.0
CIGRE LV,Active power,sigma_P,kW,Analytical UQ NRSE,3,1000,1000,1000,0,71.8,1.7110073815226488,2.561517836219781,2.097638217938144,3.14033578534489,Branch terminal,20.0
CIGRE LV,Active power,sigma_P,kW,Monte Carlo UQ NRSE,3,1000,1000,1000,1000,68.2,1.6313655680858745,2.5549982676979823,2.000000000000002,3.1323430108872947,Branch terminal,20.0
CIGRE LV,Active power,sigma_P,kW,Gain inverse NumPy,3,1000,1000,1000,1,78.73333333333333,2.0076498071616324,2.7648962540442805,2.461311978672278,3.389670970300558,Branch terminal,20.0
CIGRE LV,Reactive power,sigma_Q,kvar,Analytical UQ ILSE,3,1000,1000,1000,0,63.76666666666667,1.677850349229398,2.7941675514735858,1.8161123482402348,3.024418831878531,Branch terminal,20.0
CIGRE LV,Reactive power,sigma_Q,kvar,Monte Carlo UQ ILSE,3,1000,1000,1000,1000,68.80000000000001,1.8477384957546212,2.78408265121359,2.0000000000000053,3.0135028929800702,Branch terminal,20.0
CIGRE LV,Reactive power,sigma_Q,kvar,Analytical UQ NRSE,3,1000,1000,1000,0,66.36666666666667,1.6792049661314965,2.6359798880645084,1.9290222907248031,3.0281377583661326,Branch terminal,20.0
CIGRE LV,Reactive power,sigma_Q,kvar,Monte Carlo UQ NRSE,3,1000,1000,1000,1000,68.86666666666666,1.7409907331869665,2.6312533371025553,1.99999999999999,3.0227080327830436,Branch terminal,20.0
CIGRE LV,Reactive power,sigma_Q,kvar,Gain inverse NumPy,3,1000,1000,1000,1,77.0,2.028054014081984,2.765488107989801,2.3297700274021844,3.17691307055659,Branch terminal,20.0
CIGRE LV,Current magnitude,sigma_|I|,A,Analytical UQ ILSE,77,1000,1000,1000,0,68.85324675324675,0.7551092378712234,1.1529346183902536,2.0160494457183566,3.078194626393347,Branch terminal,0.4
CIGRE LV,Current magnitude,sigma_|I|,A,Monte Carlo UQ ILSE,77,1000,1000,1000,1000,68.55194805194806,0.7490979345520644,1.139933248026576,2.000000000000011,3.043482555343646,Branch terminal,0.4
CIGRE LV,Current magnitude,sigma_|I|,A,Analytical UQ NRSE,77,1000,1000,1000,0,71.2818181818182,0.7702535434621851,1.112649148537789,2.137109630959274,3.0871045403187853,Branch terminal,0.4
CIGRE LV,Current magnitude,sigma_|I|,A,Monte Carlo UQ NRSE,77,1000,1000,1000,1000,68.53246753246754,0.7208367154439769,1.0962353150288446,2.000000000000003,3.0415634818314,Branch terminal,0.4
CIGRE LV,Current magnitude,sigma_|I|,A,Gain inverse NumPy,77,1000,1000,1000,1,90.6818181818182,1.378762251302794,1.5099176748937193,3.8254495692650465,4.189347303053882,Branch terminal,0.4
CIGRE LV,Active power,sigma_P,kW,Analytical UQ ILSE,77,1000,1000,1000,0,68.7961038961039,0.49351924037912576,0.7508534533519435,2.0212557794156356,3.0751929365832207,Branch terminal,0.4
CIGRE LV,Active power,sigma_P,kW,Monte Carlo UQ ILSE,77,1000,1000,1000,1000,68.25584415584414,0.48832933011754504,0.7466620685263968,2.000000000000004,3.0580267146627076,Branch terminal,0.4
CIGRE LV,Active power,sigma_P,kW,Analytical UQ NRSE,77,1000,1000,1000,0,69.8,0.49900426921264945,0.7367555641809339,2.0934361246156166,3.090856748583563,Branch terminal,0.4
CIGRE LV,Active power,sigma_P,kW,Monte Carlo UQ NRSE,77,1000,1000,1000,1000,68.28311688311689,0.4767322617061228,0.7289072550792886,2.0000000000000098,3.0579313112592335,Branch terminal,0.4
CIGRE LV,Active power,sigma_P,kW,Gain inverse NumPy,77,1000,1000,1000,1,89.99999999999999,0.9050490610661456,0.9930129432481842,3.7968861508435485,4.165914594050792,Branch terminal,0.4
CIGRE LV,Reactive power,sigma_Q,kvar,Analytical UQ ILSE,77,1000,1000,1000,0,67.59090909090911,0.501213253364806,0.80608636327951,1.8979361885453212,3.0523943046006017,Branch terminal,0.4
CIGRE LV,Reactive power,sigma_Q,kvar,Monte Carlo UQ ILSE,77,1000,1000,1000,1000,68.36753246753247,0.5281666015852321,0.8002543468532151,1.999999999999997,3.0303103015273636,Branch terminal,0.4
CIGRE LV,Reactive power,sigma_Q,kvar,Analytical UQ NRSE,77,1000,1000,1000,0,68.16103896103895,0.5004245247904736,0.7998301651246342,1.918583285809607,3.066477980744388,Branch terminal,0.4
CIGRE LV,Reactive power,sigma_Q,kvar,Monte Carlo UQ NRSE,77,1000,1000,1000,1000,68.41558441558443,0.5216604652941127,0.7914622311023438,2.0,3.0343960631792046,Branch terminal,0.4
CIGRE LV,Reactive power,sigma_Q,kvar,Gain inverse NumPy,77,1000,1000,1000,1,91.09610389610391,0.890077956260573,0.9791105515515048,3.4124800151713477,3.753823096406132,Branch terminal,0.4
IEEE 33,Voltage magnitude,sigma_|U|,V,Analytical UQ ILSE,33,1000,1000,1000,0,51.69696969696971,21.756379873923407,50.685454827004214,1.3766976739953984,3.207268312563809,Node,12.66
IEEE 33,Voltage magnitude,sigma_|U|,V,Monte Carlo UQ ILSE,33,1000,1000,1000,1000,68.7939393939394,31.606619644795003,48.345196788297464,1.9999999999999876,3.059181736713099,Node,12.66
IEEE 33,Voltage magnitude,sigma_|U|,V,Analytical UQ NRSE,33,1000,1000,1000,0,67.7969696969697,30.468103785400366,47.21979806321956,1.9801003962380763,3.068781093625724,Node,12.66
IEEE 33,Voltage magnitude,sigma_|U|,V,Monte Carlo UQ NRSE,33,1000,1000,1000,1000,68.14545454545454,30.774301993258135,47.22070940779636,1.9999999999999976,3.0688403212616264,Node,12.66
IEEE 33,Voltage magnitude,sigma_|U|,V,Gain inverse NumPy,33,1000,1000,1000,1,67.80606060606063,30.470353919758825,47.21922472581267,1.9802466308697473,3.0687438328354055,Node,12.66
IEEE 33,Active power,sigma_P,kW,Analytical UQ ILSE,33,1000,1000,1000,0,56.22727272727273,40.28479854365845,81.81447349329805,1.5410982093496177,3.1298192657649846,Node,12.66
IEEE 33,Active power,sigma_P,kW,Monte Carlo UQ ILSE,33,1000,1000,1000,1000,68.00303030303031,52.28063766378607,79.59436675781274,2.0,3.0448889039831446,Node,12.66
IEEE 33,Active power,sigma_P,kW,Analytical UQ NRSE,33,1000,1000,1000,0,68.23030303030305,50.050335013068754,75.9814925595065,2.0049159932494756,3.043666132978804,Node,12.66
IEEE 33,Active power,sigma_P,kW,Monte Carlo UQ NRSE,33,1000,1000,1000,1000,67.9787878787879,49.927613108566696,76.0069637442701,2.0000000000000004,3.0446864575318004,Node,12.66
IEEE 33,Active power,sigma_P,kW,Gain inverse NumPy,33,1000,1000,1000,1,68.25454545454545,50.06495691288577,75.9773507458272,2.0055017172169007,3.043500220233474,Node,12.66
IEEE 33,Reactive power,sigma_Q,kvar,Analytical UQ ILSE,33,1000,1000,1000,0,84.76060606060607,40.29499252950851,46.59718248421851,2.891663778972332,3.3439238062422874,Node,12.66
IEEE 33,Reactive power,sigma_Q,kvar,Monte Carlo UQ ILSE,33,1000,1000,1000,1000,67.94545454545454,27.869763298573357,42.91223494101435,2.0000000000000004,3.0794832723398846,Node,12.66
IEEE 33,Reactive power,sigma_Q,kvar,Analytical UQ NRSE,33,1000,1000,1000,0,67.77878787878788,24.681646696387997,37.88779270354024,2.000743616431204,3.071260209043113,Node,12.66
IEEE 33,Reactive power,sigma_Q,kvar,Monte Carlo UQ NRSE,33,1000,1000,1000,1000,67.79393939393938,24.672473268127685,37.886117619352085,1.9999999999999993,3.071124423370558,Node,12.66
IEEE 33,Reactive power,sigma_Q,kvar,Gain inverse NumPy,33,1000,1000,1000,1,67.7909090909091,24.688324184248287,37.88136343301,2.00128490694454,3.0707390395227034,Node,12.66
IEEE 33,Current magnitude,sigma_|I|,A,Analytical UQ ILSE,64,1000,1000,1000,0,61.059375,1.4091082836507602,2.5365116317544385,1.7145773767155714,3.0863813023044764,Branch terminal,12.66
IEEE 33,Current magnitude,sigma_|I|,A,Monte Carlo UQ ILSE,64,1000,1000,1000,1000,68.315625,1.6436800144301853,2.501081966480636,1.9999999999999996,3.0432711288366985,Branch terminal,12.66
IEEE 33,Current magnitude,sigma_|I|,A,Analytical UQ NRSE,64,1000,1000,1000,0,68.20625,1.5557011161880352,2.382087319393584,1.989341343003803,3.0460766131776635,Branch terminal,12.66
IEEE 33,Current magnitude,sigma_|I|,A,Monte Carlo UQ NRSE,64,1000,1000,1000,1000,68.478125,1.5640363798391745,2.378969469904559,1.9999999999999993,3.0420896861097066,Branch terminal,12.66
IEEE 33,Current magnitude,sigma_|I|,A,Gain inverse NumPy,64,1000,1000,1000,1,68.21875,1.556544605628225,2.3811987972855726,1.9904199489122878,3.0449404220769134,Branch terminal,12.66
IEEE 33,Active power,sigma_P,kW,Analytical UQ ILSE,64,1000,1000,1000,0,56.018750000000004,29.441343316913606,59.69870926013187,1.5417835666970552,3.126300586883195,Branch terminal,12.66
IEEE 33,Active power,sigma_P,kW,Monte Carlo UQ ILSE,64,1000,1000,1000,1000,68.2125,38.19127918192234,58.035630379298475,2.0000000000000004,3.0392085116001755,Branch terminal,12.66
IEEE 33,Active power,sigma_P,kW,Analytical UQ NRSE,64,1000,1000,1000,0,68.3828125,36.45897368778297,55.41777160608908,2.0003911083248664,3.040601705174877,Branch terminal,12.66
IEEE 33,Active power,sigma_P,kW,Monte Carlo UQ NRSE,64,1000,1000,1000,1000,68.4078125,36.45184537769097,55.42035169750465,1.9999999999999991,3.040743266809896,Branch terminal,12.66
IEEE 33,Active power,sigma_P,kW,Gain inverse NumPy,64,1000,1000,1000,1,68.44531249999999,36.47023690895548,55.41077056817531,2.001009086430271,3.0402175798807396,Branch terminal,12.66
IEEE 33,Reactive power,sigma_Q,kvar,Analytical UQ ILSE,64,1000,1000,1000,0,84.85781250000001,29.46175960001599,34.018844223566106,2.9138472585355815,3.3645551835720395,Branch terminal,12.66
IEEE 33,Reactive power,sigma_Q,kvar,Monte Carlo UQ ILSE,64,1000,1000,1000,1000,67.8671875,20.22189702203036,31.165173411834942,2.000000000000001,3.0823194656646358,Branch terminal,12.66
IEEE 33,Reactive power,sigma_Q,kvar,Analytical UQ NRSE,64,1000,1000,1000,0,68.03281249999999,17.976789337219422,27.573849727333705,2.005578657696015,3.0762737153046804,Branch terminal,12.66
IEEE 33,Reactive power,sigma_Q,kvar,Monte Carlo UQ NRSE,64,1000,1000,1000,1000,67.9109375,17.926785636890397,27.566185959015087,1.9999999999999996,3.075418707778641,Branch terminal,12.66
IEEE 33,Reactive power,sigma_Q,kvar,Gain inverse NumPy,64,1000,1000,1000,1,68.05624999999999,17.982336037176086,27.559527156149805,2.0061974747074984,3.0746758191202774,Branch terminal,12.66
MV Oberrhein,Voltage magnitude,sigma_|U|,V,Analytical UQ ILSE,2,1000,1000,1000,0,54.95000000000001,178.3324754405727,390.5608017005127,1.5041516053968798,3.2941989698263563,Node,110.0
MV Oberrhein,Voltage magnitude,sigma_|U|,V,Monte Carlo UQ ILSE,2,1000,1000,1000,1000,67.25,237.1203471787303,377.12022035342727,2.000000000000041,3.180833908523078,Node,110.0
MV Oberrhein,Voltage magnitude,sigma_|U|,V,Analytical UQ NRSE,2,1000,1000,1000,0,64.7,207.23878411264468,339.37852712305096,2.0397531423344595,3.340342012254869,Node,110.0
MV Oberrhein,Voltage magnitude,sigma_|U|,V,Monte Carlo UQ NRSE,2,1000,1000,1000,1000,64.2,203.19986748539668,339.83547831968787,1.9999999999999727,3.3448395663358994,Node,110.0
MV Oberrhein,Voltage magnitude,sigma_|U|,V,Gain inverse NumPy,2,1000,1000,1000,1,64.8,208.05086985579692,339.076983252239,2.0477461174599045,3.337374058834982,Node,110.0
MV Oberrhein,Active power,sigma_P,kW,Analytical UQ ILSE,2,1000,1000,1000,0,74.0,43.399501993258866,59.28348082167978,2.2208517592781454,3.033671278057756,Node,110.0
MV Oberrhein,Active power,sigma_P,kW,Monte Carlo UQ ILSE,2,1000,1000,1000,1000,69.30000000000001,39.0836550093405,58.64940158956195,1.999999999999913,3.0012239937919283,Node,110.0
MV Oberrhein,Active power,sigma_P,kW,Analytical UQ NRSE,2,1000,1000,1000,0,69.0,38.560492612965476,58.18163388568389,1.9887493796315918,3.0007056563691474,Node,110.0
MV Oberrhein,Active power,sigma_P,kW,Monte Carlo UQ NRSE,2,1000,1000,1000,1000,68.95,38.77863446032256,58.19060010645687,1.9999999999998912,3.0011680873390754,Node,110.0
MV Oberrhein,Active power,sigma_P,kW,Gain inverse NumPy,2,1000,1000,1000,1,80.80000000000001,49.979461199712006,60.75419548551965,2.577680307482058,3.133384985367584,Node,110.0
MV Oberrhein,Reactive power,sigma_Q,kvar,Analytical UQ ILSE,2,1000,1000,1000,0,97.55,43.968496704110734,44.39926110223511,4.69060477372234,4.736559165927042,Node,110.0
MV Oberrhein,Reactive power,sigma_Q,kvar,Monte Carlo UQ ILSE,2,1000,1000,1000,1000,69.05,18.747474504963495,28.59924646923277,1.9999999999999585,3.050997238231781,Node,110.0
MV Oberrhein,Reactive power,sigma_Q,kvar,Analytical UQ NRSE,2,1000,1000,1000,0,68.19999999999999,18.052286222130498,27.844228607550605,1.9855290157005825,3.0625220063438183,Node,110.0
MV Oberrhein,Reactive power,sigma_Q,kvar,Monte Carlo UQ NRSE,2,1000,1000,1000,1000,68.45,18.183855364874937,27.858629591270503,2.0000000000000497,3.0641059370813797,Node,110.0
MV Oberrhein,Reactive power,sigma_Q,kvar,Gain inverse NumPy,2,1000,1000,1000,1,79.4,22.825929595958442,28.692217693485098,2.510570958461426,3.1557903555380755,Node,110.0
MV Oberrhein,Voltage magnitude,sigma_|U|,V,Analytical UQ ILSE,177,1000,1000,1000,0,52.02372881355932,31.52439477276804,73.25459893608888,1.4184275319927129,3.296061374849638,Node,20.0
MV Oberrhein,Voltage magnitude,sigma_|U|,V,Monte Carlo UQ ILSE,177,1000,1000,1000,1000,67.73502824858757,44.44977845076148,70.02621848410054,2.0000000000000124,3.15080168787214,Node,20.0
MV Oberrhein,Voltage magnitude,sigma_|U|,V,Analytical UQ NRSE,177,1000,1000,1000,0,65.26892655367233,38.979035939557704,63.36490499440494,2.0330478937781202,3.3049531250101873,Node,20.0
MV Oberrhein,Voltage magnitude,sigma_|U|,V,Monte Carlo UQ NRSE,177,1000,1000,1000,1000,64.74237288135592,38.34541828438782,63.43067661101522,2.0000000000000067,3.3083836061238627,Node,20.0
MV Oberrhein,Voltage magnitude,sigma_|U|,V,Gain inverse NumPy,177,1000,1000,1000,1,65.37118644067796,39.10923736365086,63.31868109725215,2.039838870636295,3.302542203485745,Node,20.0
MV Oberrhein,Active power,sigma_P,kW,Analytical UQ ILSE,159,1000,1000,1000,0,55.79811320754718,46.95708281644063,95.97892084413002,1.5423510898851176,3.152521074373724,Node,20.0
MV Oberrhein,Active power,sigma_P,kW,Monte Carlo UQ ILSE,159,1000,1000,1000,1000,67.99182389937107,60.89026438194204,93.2838683314376,2.0,3.063999451416486,Node,20.0
MV Oberrhein,Active power,sigma_P,kW,Analytical UQ NRSE,159,1000,1000,1000,0,67.52578616352201,57.78867122579275,89.30742359059887,1.9861951784398109,3.069493905500264,Node,20.0
MV Oberrhein,Active power,sigma_P,kW,Monte Carlo UQ NRSE,159,1000,1000,1000,1000,68.16163522012579,58.19032475064883,89.21731049022488,2.0,3.066396720503956,Node,20.0
MV Oberrhein,Active power,sigma_P,kW,Gain inverse NumPy,159,1000,1000,1000,1,69.074213836478,59.63526275502634,89.50199414125457,2.049662482915131,3.076181290438893,Node,20.0
MV Oberrhein,Reactive power,sigma_Q,kvar,Analytical UQ ILSE,159,1000,1000,1000,0,91.91006289308176,46.95931369173926,49.9180492078024,3.4948255384922313,3.715021781373021,Node,20.0
MV Oberrhein,Reactive power,sigma_Q,kvar,Monte Carlo UQ ILSE,159,1000,1000,1000,1000,68.22893081761006,26.873623976090588,40.99716837290945,2.0,3.051108284419292,Node,20.0
MV Oberrhein,Reactive power,sigma_Q,kvar,Analytical UQ NRSE,159,1000,1000,1000,0,68.85660377358491,25.53209989127978,38.63332690106525,2.0172123411193965,3.0522998161207067,Node,20.0
MV Oberrhein,Reactive power,sigma_Q,kvar,Monte Carlo UQ NRSE,159,1000,1000,1000,1000,68.20125786163523,25.314241213804436,38.63183420046667,1.9999999999999998,3.052181882457519,Node,20.0
MV Oberrhein,Reactive power,sigma_Q,kvar,Gain inverse NumPy,159,1000,1000,1000,1,70.42955974842768,26.311163436306344,38.74508619484382,2.0787637452042813,3.061129572686163,Node,20.0
MV Oberrhein,Current magnitude,sigma_|I|,A,Analytical UQ ILSE,356,1000,1000,1000,0,55.05337078651685,0.9545081378308337,1.9963349645479367,1.5120148520415384,3.1623492733188843,Branch terminal,20.0
MV Oberrhein,Current magnitude,sigma_|I|,A,Monte Carlo UQ ILSE,356,1000,1000,1000,1000,68.19297752808988,1.262564500000839,1.9324293338729084,2.0,3.0611178024910797,Branch terminal,20.0
MV Oberrhein,Current magnitude,sigma_|I|,A,Analytical UQ NRSE,356,1000,1000,1000,0,67.62191011235954,1.1928680741391242,1.8440499914733843,1.9898791117179595,3.076146171188921,Branch terminal,20.0
MV Oberrhein,Current magnitude,sigma_|I|,A,Monte Carlo UQ NRSE,356,1000,1000,1000,1000,67.90168539325843,1.19893521884278,1.842344838894534,2.0,3.073301726298068,Branch terminal,20.0
MV Oberrhein,Current magnitude,sigma_|I|,A,Gain inverse NumPy,356,1000,1000,1000,1,70.41320224719102,1.2639478772017374,1.8578725668435976,2.1084506607816693,3.0992042566517117,Branch terminal,20.0
MV Oberrhein,Active power,sigma_P,kW,Analytical UQ ILSE,356,1000,1000,1000,0,57.022191011235954,33.69548497929832,66.79206073905863,1.578668151204324,3.1292767890664837,Branch terminal,20.0
MV Oberrhein,Active power,sigma_P,kW,Monte Carlo UQ ILSE,356,1000,1000,1000,1000,68.25224719101122,42.68849657047039,65.21113523793001,1.9999999999999993,3.055208802225166,Branch terminal,20.0
MV Oberrhein,Active power,sigma_P,kW,Analytical UQ NRSE,356,1000,1000,1000,0,67.80814606741573,40.57955476080097,62.55835798121545,1.986412947709377,3.062299057094726,Branch terminal,20.0
MV Oberrhein,Active power,sigma_P,kW,Monte Carlo UQ NRSE,356,1000,1000,1000,1000,68.18061797752809,40.857118664671496,62.47976518530764,1.9999999999999993,3.058451855017025,Branch terminal,20.0
MV Oberrhein,Active power,sigma_P,kW,Gain inverse NumPy,356,1000,1000,1000,1,70.81376404494381,43.16867982491817,63.13476590500332,2.113153410509363,3.0905148462950685,Branch terminal,20.0
MV Oberrhein,Reactive power,sigma_Q,kvar,Analytical UQ ILSE,356,1000,1000,1000,0,91.72696629213483,33.710341216109846,35.69308708932991,3.584217550971962,3.7950309779958453,Branch terminal,20.0
MV Oberrhein,Reactive power,sigma_Q,kvar,Monte Carlo UQ ILSE,356,1000,1000,1000,1000,68.23398876404495,18.810432534692723,28.738783201452332,1.9999999999999993,3.055621729957395,Branch terminal,20.0
MV Oberrhein,Reactive power,sigma_Q,kvar,Analytical UQ NRSE,356,1000,1000,1000,0,68.67191011235954,17.863583808927906,27.095865641511967,2.0157912920693977,3.0575953064885155,Branch terminal,20.0
MV Oberrhein,Reactive power,sigma_Q,kvar,Monte Carlo UQ NRSE,356,1000,1000,1000,1000,68.17640449438203,17.72364418797471,27.093880700960504,2.0,3.0573713186302163,Branch terminal,20.0
MV Oberrhein,Reactive power,sigma_Q,kvar,Gain inverse NumPy,356,1000,1000,1000,1,71.68623595505618,18.95310359636764,27.3619801291178,2.1387366385099407,3.0876246260554687,Branch terminal,20.0
LV Schutterwald,Voltage magnitude,sigma_|U|,V,Analytical UQ ILSE,14,1000,1000,1000,0,51.214285714285715,14.142135623733338,32.0356596570008,1.408857265194129,3.191432542713611,Node,20.0
LV Schutterwald,Voltage magnitude,sigma_|U|,V,Monte Carlo UQ ILSE,14,1000,1000,1000,1000,67.92142857142856,20.07603747109793,30.50525801952429,1.999999999999944,3.038972014615905,Node,20.0
LV Schutterwald,Voltage magnitude,sigma_|U|,V,Analytical UQ NRSE,14,1000,1000,1000,0,67.7857142857143,19.99999944712872,30.487552027765076,1.9924273276254199,3.0372116745854014,Node,20.0
LV Schutterwald,Voltage magnitude,sigma_|U|,V,Monte Carlo UQ NRSE,14,1000,1000,1000,1000,67.92857142857143,20.076013985377877,30.505132285901144,1.999999999999978,3.038963043970666,Node,20.0
LV Schutterwald,Voltage magnitude,sigma_|U|,V,Gain inverse NumPy,14,1000,1000,1000,1,67.7857142857143,19.999999992618022,30.48755201709353,1.992427381967811,3.037211673522288,Node,20.0
LV Schutterwald,Active power,sigma_P,kW,Analytical UQ ILSE,14,1000,1000,1000,0,64.72142857142858,7.996674921901076,13.110202388183826,1.835110875665529,3.008584845538873,Node,20.0
LV Schutterwald,Active power,sigma_P,kW,Monte Carlo UQ ILSE,14,1000,1000,1000,1000,68.60714285714286,8.715195390034372,13.08343031573804,2.000000000000001,3.002441076811347,Node,20.0
LV Schutterwald,Active power,sigma_P,kW,Analytical UQ NRSE,14,1000,1000,1000,0,68.1357142857143,8.631039551369728,13.073174514018932,1.9807725041582323,3.000216192419299,Node,20.0
LV Schutterwald,Active power,sigma_P,kW,Monte Carlo UQ NRSE,14,1000,1000,1000,1000,68.6,8.714821649887206,13.082424125773196,2.0000000000000004,3.0023389235837135,Node,20.0
LV Schutterwald,Active power,sigma_P,kW,Gain inverse NumPy,14,1000,1000,1000,1,76.30714285714285,10.142948849097648,13.274352683384965,2.327746741490442,3.0463853918471813,Node,20.0
LV Schutterwald,Reactive power,sigma_Q,kvar,Analytical UQ ILSE,14,1000,1000,1000,0,64.77857142857142,7.99663240449433,13.179764620860611,1.8782494400198064,3.095663807781306,Node,20.0
LV Schutterwald,Reactive power,sigma_Q,kvar,Monte Carlo UQ ILSE,14,1000,1000,1000,1000,67.84285714285716,8.514984468101323,13.1486077217571,2.0,3.088345673680127,Node,20.0
LV Schutterwald,Reactive power,sigma_Q,kvar,Analytical UQ NRSE,14,1000,1000,1000,0,68.02857142857144,8.562104500986143,13.146818620724606,2.0110863541501067,3.087954313753192,Node,20.0
LV Schutterwald,Reactive power,sigma_Q,kvar,Monte Carlo UQ NRSE,14,1000,1000,1000,1000,67.8142857142857,8.514904875484099,13.149020278631427,2.0,3.0884714441120202,Node,20.0
LV Schutterwald,Reactive power,sigma_Q,kvar,Gain inverse NumPy,14,1000,1000,1000,1,75.62142857142857,10.080234749127328,13.33698630382562,2.3676681998292404,3.13262132668684,Node,20.0
LV Schutterwald,Voltage magnitude,sigma_|U|,V,Analytical UQ ILSE,2926,1000,1000,1000,0,61.122043745727964,0.7530798388718494,1.3439041137728307,1.7191362491067972,3.0678742917505835,Node,0.4
LV Schutterwald,Voltage magnitude,sigma_|U|,V,Monte Carlo UQ ILSE,2926,1000,1000,1000,1000,68.49025974025975,0.8761141989334746,1.3311485285968865,2.0000000000000013,3.03875574717849,Node,0.4
LV Schutterwald,Voltage magnitude,sigma_|U|,V,Analytical UQ NRSE,2926,1000,1000,1000,0,68.42645249487354,0.8738983136044529,1.33079075040003,1.995041773324548,3.038091614631139,Node,0.4
LV Schutterwald,Voltage magnitude,sigma_|U|,V,Monte Carlo UQ NRSE,2926,1000,1000,1000,1000,68.49381408065618,0.8760701908994977,1.3310115426241165,2.000000000000004,3.038595666079025,Node,0.4
LV Schutterwald,Voltage magnitude,sigma_|U|,V,Gain inverse NumPy,2926,1000,1000,1000,1,73.4510936431989,0.9828906430613324,1.3454290301974805,2.2438627709776533,3.071509667087463,Node,0.4
LV Schutterwald,Active power,sigma_P,kW,Analytical UQ ILSE,1506,1000,1000,1000,0,63.98114209827358,6.946212374257821,11.62208183732613,1.8311120705129387,3.063732173764829,Node,0.4
LV Schutterwald,Active power,sigma_P,kW,Monte Carlo UQ ILSE,1506,1000,1000,1000,1000,68.20531208499337,7.586878472503345,11.580901378313328,2.0,3.0528764683091403,Node,0.4
LV Schutterwald,Active power,sigma_P,kW,Analytical UQ NRSE,1506,1000,1000,1000,0,68.2085657370518,7.5868621206416735,11.57813822683162,1.9999960058627748,3.052148548474196,Node,0.4
LV Schutterwald,Active power,sigma_P,kW,Monte Carlo UQ NRSE,1506,1000,1000,1000,1000,68.20564409030546,7.5868772721561415,11.580893874023582,2.0,3.052874973086883,Node,0.4
LV Schutterwald,Active power,sigma_P,kW,Gain inverse NumPy,1506,1000,1000,1000,1,81.2687250996016,9.995802415686203,12.139765548559913,2.635024149493184,3.200200850253076,Node,0.4
LV Schutterwald,Reactive power,sigma_Q,kvar,Analytical UQ ILSE,1506,1000,1000,1000,0,64.01155378486055,6.949885415650767,11.624158758255803,1.8300203597193467,3.060834232506003,Node,0.4
LV Schutterwald,Reactive power,sigma_Q,kvar,Monte Carlo UQ ILSE,1506,1000,1000,1000,1000,68.27456839309428,7.5954186834474395,11.583753667384766,1.9999999999999996,3.0501949004151756,Node,0.4
LV Schutterwald,Reactive power,sigma_Q,kvar,Analytical UQ NRSE,1506,1000,1000,1000,0,68.24774236387783,7.590552066091492,11.58074371939206,1.998718637378753,3.0494024815476255,Node,0.4
LV Schutterwald,Reactive power,sigma_Q,kvar,Monte Carlo UQ NRSE,1506,1000,1000,1000,1000,68.27476759628152,7.59541830864821,11.583743147225906,2.0,3.0501922807955304,Node,0.4
LV Schutterwald,Reactive power,sigma_Q,kvar,Gain inverse NumPy,1506,1000,1000,1000,1,81.23851261620186,9.999975931717081,12.144187701675957,2.6331600249932308,3.197766655682013,Node,0.4
LV Schutterwald,Current magnitude,sigma_|I|,A,Analytical UQ ILSE,2969,1000,1000,1000,0,62.70660154934321,10.08832361745484,17.440855262959058,2.2546128787395516,3.897810814084544,Branch terminal,0.4
LV Schutterwald,Current magnitude,sigma_|I|,A,Monte Carlo UQ ILSE,2969,1000,1000,1000,1000,57.862074772650715,8.949051708686014,17.993454030679057,1.9999999999999996,4.0213096574723055,Branch terminal,0.4
LV Schutterwald,Current magnitude,sigma_|I|,A,Analytical UQ NRSE,2969,1000,1000,1000,0,66.8978443920512,11.021380886229355,17.331697595069336,2.4631495085417345,3.873431365286417,Branch terminal,0.4
LV Schutterwald,Current magnitude,sigma_|I|,A,Monte Carlo UQ NRSE,2969,1000,1000,1000,1000,57.863388346244534,8.949014948552088,17.99338197827191,2.0,4.021310073056289,Branch terminal,0.4
LV Schutterwald,Current magnitude,sigma_|I|,A,Gain inverse NumPy,2969,1000,1000,1000,1,82.27396429774333,15.456831411785952,18.485617936315794,3.4544207380694565,4.131319042953814,Branch terminal,0.4
LV Schutterwald,Active power,sigma_P,kW,Analytical UQ ILSE,2970,1000,1000,1000,0,63.36636363636363,6.395010209545112,10.69281123089372,1.8311009758344416,3.06170223936135,Branch terminal,0.4
LV Schutterwald,Active power,sigma_P,kW,Monte Carlo UQ ILSE,2970,1000,1000,1000,1000,68.20023569023569,6.984879909892325,10.655635652812938,2.0,3.0510576531808113,Branch terminal,0.4
LV Schutterwald,Active power,sigma_P,kW,Analytical UQ NRSE,2970,1000,1000,1000,0,68.21491582491583,6.98510076736137,10.65301456431254,2.0000698961132874,3.050317302864992,Branch terminal,0.4
LV Schutterwald,Active power,sigma_P,kW,Monte Carlo UQ NRSE,2970,1000,1000,1000,1000,68.22272727272727,6.984856660195161,10.655597889823511,2.0,3.051056996071781,Branch terminal,0.4
LV Schutterwald,Active power,sigma_P,kW,Gain inverse NumPy,2970,1000,1000,1000,1,83.72555555555556,9.80358153167945,11.47830901398047,2.8070959816677274,3.2866269337758345,Branch terminal,0.4
LV Schutterwald,Reactive power,sigma_Q,kvar,Analytical UQ ILSE,2970,1000,1000,1000,0,64.0293265993266,6.402738766806766,10.699483215179386,1.8318055166720701,3.0610919940562558,Branch terminal,0.4
LV Schutterwald,Reactive power,sigma_Q,kvar,Monte Carlo UQ ILSE,2970,1000,1000,1000,1000,68.25333333333333,6.990631602026106,10.663428490915136,2.0,3.05077683905544,Branch terminal,0.4
LV Schutterwald,Reactive power,sigma_Q,kvar,Analytical UQ NRSE,2970,1000,1000,1000,0,68.24491582491584,6.987028479130711,10.660566834397812,1.9989690465694856,3.0499579591663224,Branch terminal,0.4
LV Schutterwald,Reactive power,sigma_Q,kvar,Monte Carlo UQ NRSE,2970,1000,1000,1000,1000,68.26414141414142,6.990631987145018,10.663429946052736,2.0000000000000004,3.0507770872967077,Branch terminal,0.4
LV Schutterwald,Reactive power,sigma_Q,kvar,Gain inverse NumPy,2970,1000,1000,1000,1,83.68390572390574,9.805967389136818,11.484993648687412,2.8054594798206764,3.2858241343005954,Branch terminal,0.4
